{"schemaVersion":"1.0","appDefinitionTemplate":{"id":"/providers/Microsoft.PowerApps/apps/","type":"Microsoft.PowerApps/apps","tags":{"minimumRequiredApiVersion":"2.2.0"},"properties":{"appVersion":"2019-11-19T06:22:05Z","lifeCycleId":"Published","createdByClientVersion":{"major":3,"minor":19111,"build":33,"revision":0,"majorRevision":0,"minorRevision":0},"minClientVersion":{"major":3,"minor":19111,"build":33,"revision":0,"majorRevision":0,"minorRevision":0},"backgroundColor":"rgba(0, 176, 240, 1)","backgroundImageUri":"/15567199271890317185/N7695fe5f-80ce-44fe-a765-bf4af4ef1f98-logoSmallFile","displayName":"PowerApps and SharePoint Experience Demo","description":"","commitMessage":"","appUris":{"documentUri":{"value":"/15567199271890317185/Ndec7fe30-b72d-474c-b101-648c91a1f422-document.msapp","readonlyValue":"/15567199271890317185/Ndec7fe30-b72d-474c-b101-648c91a1f422-document.msapp"},"imageUris":[]},"createdTime":"0001-01-01T00:00:00Z","lastModifiedTime":"0001-01-01T00:00:00Z","sharedGroupsCount":0,"sharedUsersCount":0,"icons":{"smallIconUri":"/15567199271890317185/N680670b6-d530-47a0-bcf6-401c17b95b1a-small.png","mediumIconUri":"/15567199271890317185/Nfc8dedc6-d0e1-405f-8cb7-a01c8138e56a-medium.png","largeIconUri":"/15567199271890317185/N37cdc525-5439-4255-918d-2f486d5d9e87-large.png","wideIconUri":"/15567199271890317185/Ne0a9bd3d-1621-4d89-829c-fb54c4773567-wide.png"},"connectionReferences":{"493775aa-a96c-4e42-8cd8-5a63128d7f5b":{"id":"d48c83ee-d64d-4ed3-ad98-ea7546076dd7","displayName":"SharePoint","iconUri":"https://connectoricons-prod.azureedge.net/sharepointonline/icon_1.0.1278.1750.png","dataSources":[],"dependencies":[],"dependents":["832b5ec6-fc8c-48d5-a727-d035d0381685","4a386ebf-c94c-4aec-9305-ab5a2a6c1070"],"parameterHints":{},"isOnPremiseConnection":false,"bypassConsent":false,"dataSets":{},"apiTier":"Standard","isCustomApiConnection":false},"832b5ec6-fc8c-48d5-a727-d035d0381685":{"id":"23e84b48-ff96-4a08-9355-e2a0c98260fc","displayName":"Logic flows","iconUri":"https://resourcestackdeploy.blob.core.windows.net/scripts/13276078.png","dataSources":["PA_Graph_Site_List_Libraries"],"dependencies":["493775aa-a96c-4e42-8cd8-5a63128d7f5b"],"dependents":[],"parameterHints":{"workflowName":{"value":"6d24de8c-74bc-4aa6-967b-2a432a5a6362"},"493775aa-a96c-4e42-8cd8-5a63128d7f5b":{"value":"shared_sharepointonline"}},"isOnPremiseConnection":false,"bypassConsent":false,"dataSets":{},"apiTier":"Standard","isCustomApiConnection":false},"4a386ebf-c94c-4aec-9305-ab5a2a6c1070":{"id":"23e84b48-ff96-4a08-9355-e2a0c98260fc","displayName":"Logic flows","iconUri":"https://resourcestackdeploy.blob.core.windows.net/scripts/13276078.png","dataSources":["PA_Graph_DriveItems"],"dependencies":["493775aa-a96c-4e42-8cd8-5a63128d7f5b"],"dependents":[],"parameterHints":{"workflowName":{"value":"e8063dae-c530-4385-b8e0-8fe3816f39a4"},"493775aa-a96c-4e42-8cd8-5a63128d7f5b":{"value":"shared_sharepointonline"}},"isOnPremiseConnection":false,"bypassConsent":false,"dataSets":{},"apiTier":"Standard","isCustomApiConnection":false}},"databaseReferences":{},"almMode":"Environment","performanceOptimizationEnabled":false,"canConsumeAppPass":true},"isAppComponentLibrary":false,"appComponents":[]}}