{"name":"d1c64ab5-3163-4253-b63a-721a625e3494","id":"/providers/Microsoft.Flow/flows/d1c64ab5-3163-4253-b63a-721a625e3494","type":"Microsoft.Flow/flows","properties":{"apiId":"/providers/Microsoft.PowerApps/apis/shared_logicflows","displayName":"PA_Graph_DriveItems","definition":{"metadata":{"workflowEntityId":null,"creator":{"id":"cde2f6ec-1160-4c6b-aea2-666af8a79bf6","type":"User","tenantId":"6298d0a5-0e67-439e-8f40-a39ab6f8b9ec"},"provisioningMethod":"FromDefinition","failureAlertSubscription":true,"clientLastModifiedTime":"2019-11-15T10:17:42.8338959Z"},"$schema":"https://schema.management.azure.com/providers/Microsoft.Logic/schemas/2016-06-01/workflowdefinition.json#","contentVersion":"1.0.0.0","parameters":{"$connections":{"defaultValue":{},"type":"Object"},"$authentication":{"defaultValue":{},"type":"SecureObject"}},"triggers":{"manual":{"type":"Request","kind":"PowerApp","inputs":{"schema":{"type":"object","properties":{"GetDriveItems_Uri":{"type":"string","description":"Example: _api/web/lists/getbytitle('Documents')","x-ms-powerflows-param-ispartial":false},"GetDriveItems_Uri_1":{"type":"string"},"Initializevariable-odatanextLink_Value":{"type":"string"}},"required":["GetDriveItems_Uri","GetDriveItems_Uri_1","Initializevariable-odatanextLink_Value"]}}}},"actions":{"Get_Drive_Items":{"runAfter":{},"metadata":{"flowSystemMetadata":{"swaggerOperationId":"HttpRequest"}},"type":"ApiConnection","inputs":{"host":{"connection":{"name":"@json(decodeBase64(triggerOutputs().headers['X-MS-APIM-Tokens']))['$connections']['shared_sharepointonline']['connectionId']"},"api":{"runtimeUrl":"https://flow-apim-europe-001-francecentral-01.azure-apim.net/apim/sharepointonline"}},"method":"post","body":{"method":"GET","uri":"@{If( not ( equals( triggerBody()['Initializevariable-odatanextLink_Value'], 'false' ) ), triggerBody()['Initializevariable-odatanextLink_Value'], concat('_api/v2.0/sites/',triggerBody()['GetDriveItems_Uri'], '/children?$expand=thumbnails($select=large),listitem($expand=fields)&$select=*,MediaServiceMetata', triggerBody()['GetDriveItems_Uri_1'] ))}","headers":{"Accept":"application/json"}},"path":"/datasets/@{encodeURIComponent(encodeURIComponent('https://wonderkid.sharepoint.com'))}/httprequest","authentication":{"type":"Raw","value":"@json(decodeBase64(triggerOutputs().headers['X-MS-APIM-Tokens']))['$ConnectionKey']"}}},"Response":{"runAfter":{"Select_Drive_Items_Return_Fields":["Succeeded"]},"type":"Response","kind":"Http","inputs":{"statusCode":200,"body":"@body('Select_Drive_Items_Return_Fields')","schema":{"type":"array","items":{"type":"object","properties":{"Id":{"type":"string"},"Attachments":{"type":"boolean"},"Name":{"type":"string"},"SiteId":{"type":"string"},"ListId":{"type":"string"},"CreatedBy":{"type":"object","properties":{"user":{"type":"object","properties":{"email":{"type":"string"},"id":{"type":"string"},"displayName":{"type":"string"}}}}},"CreatedDateTime":{"type":"string"},"LastModifiedBy":{"type":"object","properties":{"user":{"type":"object","properties":{"email":{"type":"string"},"id":{"type":"string"},"displayName":{"type":"string"}}}}},"LastModifiedDateTime":{"type":"string"},"ContentType":{"type":"string"},"WebUrl":{"type":"string"},"Version":{"type":"string"},"ParentReference":{"type":"object","properties":{"listId":{"type":"string"},"siteId":{"type":"string"},"driveId":{"type":"string"},"driveType":{"type":"string"},"id":{"type":"string"},"path":{"type":"string"}}},"DriveId":{"type":"string"},"DownloadUrl":{"type":"string"},"Size":{"type":"integer"},"Fields":{"type":"object","properties":{"@@odata.type":{"type":"string"},"@@odata.id":{"type":"string"},"@@odata.etag":{"type":"string"},"@@odata.editLink":{"type":"string"},"ID":{"type":"integer"},"ContentType":{"type":"string"},"DocIcon":{"type":"string"},"Title":{"type":"string"},"Author":{"type":"string"},"AuthorLookupId":{"type":"string"},"Editor":{"type":"string"},"EditorLookupId":{"type":"string"},"Modified":{"type":"string"},"Created":{"type":"string"},"_CheckinComment":{"type":"string"},"_UIVersionString":{"type":"string"},"ParentVersionStringLookupId":{"type":"string"},"ParentLeafNameLookupId":{"type":"string"},"FileLeafRef":{"type":"string"},"Attachments":{"type":"boolean"},"ItemChildCount":{"type":"string"},"FolderChildCount":{"type":"string"},"_CommentCount":{"type":"string"},"_LikeCount":{"type":"string"},"_ComplianceFlags":{"type":"string"},"_ComplianceTag":{"type":"string"},"_ComplianceTagWrittenTime":{"type":"string"},"_ComplianceTagUserId":{"type":"string"}}},"FieldsArray":{"type":"array","items":{"type":"string"}},"FolderFacet":{"type":"object","properties":{"childCount":{"type":"integer"}}},"PhotoFacet":{"type":"object","properties":{"takenDateTime":{"type":"string"}}},"ImageFacet":{"type":"object","properties":{"height":{"type":"integer"},"width":{"type":"integer"}}},"Thumbnail":{"type":"string"},"OdataNextLink":{"type":"string"}},"required":["Id","Attachments","Name","SiteId","ListId","CreatedBy","CreatedDateTime","LastModifiedBy","LastModifiedDateTime","ContentType","WebUrl","Version","ParentReference","FolderFacet","DriveId","DownloadUrl","Thumbnail","Size","PhotoFacet","Fields","FieldsArray","OdataNextLink"]}}}},"Select_Drive_Items_Return_Fields":{"runAfter":{"Get_Drive_Items":["Succeeded"]},"type":"Select","inputs":{"from":"@array(body('Get_Drive_Items')['value'])","select":{"Name":"@item()['name']","CreatedDateTime":"@item()['createdDateTime']","LastModifiedDateTime":"@item()['lastModifiedDateTime']","CreatedBy":"@item()['createdBy']","LastModifiedBy":"@item()['lastModifiedBy']","SiteId":"@item()['listItem']['parentReference']['siteId']","ListId":"@item()['listItem']['parentReference']['listId']","Id":"@item()['id']","Thumbnail":"@if(empty(item()['thumbnails']),'',item()['thumbnails'][0]['large']['url'])","ParentReference":"@item()['parentReference']","ContentType":"@item()['listItem']['contentType']['name']","DriveId":"@item()['parentReference']['driveId']","Size":"@item()['size']","Version":"@item()['listItem']['fields']['_UIVersionString']","WebUrl":"@item()?['webUrl']","DownloadUrl":"@item()?['@content.downloadUrl']","FolderFacet":"@item()?['folder']","PhotoFacet":"@item()?['photo']","ImageFacet":"@item()?['image']","Fields":"@item()['listItem']['fields']","FieldsSchema":"@createArray(item()?['listItem']?['fields'])","FieldsArray":"@split(uriComponentToString(replace(replace(replace(replace(replace(replace(replace(replace(uriComponent(item()?['listItem']?['fields']),'%22','%20%22'),'%7B%20%22','%7B%20%22%20Name%20%22%3A%20%22'),'%2C%20%22','%7D%20%2C%20%7B%20%22%20Name%20%22%3A%20%22'),'%20%22%3A','%22%3A%20'),'%22',''),'%7B%2C%7B','%7B%20%2C%20%7B'),'%5C',''),'%5C','')),' , ')","OdataNextLink":"@body('Get_Drive_Items')?['@odata.nextLink']","MimeType":"@item()?['file']?['mimeType']","PackageFacet":"@item()?['package']?['type']","PublicationFacet":"@item()?['publication']","VideoFacet":"@item()?['video']","AudioFacet":"@item()?['audio']"}}}}},"connectionReferences":{"shared_sharepointonline":{"connectionName":"shared-sharepointonl-068e0ebe-8033-4a49-9d6d-7fa2d29576ee","source":"Invoker","id":"/providers/Microsoft.PowerApps/apis/shared_sharepointonline","tier":"NotSpecified"}},"flowFailureAlertSubscribed":false}}