{"name":"22d6fe97-ac55-4e2c-9ee5-bf6ff6bfdefe","id":"/providers/Microsoft.Flow/flows/22d6fe97-ac55-4e2c-9ee5-bf6ff6bfdefe","type":"Microsoft.Flow/flows","properties":{"apiId":"/providers/Microsoft.PowerApps/apis/shared_logicflows","displayName":"PA_Graph_Site_List_Libraries","definition":{"metadata":{"workflowEntityId":null,"creator":{"id":"cde2f6ec-1160-4c6b-aea2-666af8a79bf6","type":"User","tenantId":"6298d0a5-0e67-439e-8f40-a39ab6f8b9ec"},"provisioningMethod":"FromDefinition","failureAlertSubscription":true,"clientLastModifiedTime":"2019-11-14T08:02:51.106901Z"},"$schema":"https://schema.management.azure.com/providers/Microsoft.Logic/schemas/2016-06-01/workflowdefinition.json#","contentVersion":"1.0.0.0","parameters":{"$connections":{"defaultValue":{},"type":"Object"},"$authentication":{"defaultValue":{},"type":"SecureObject"}},"triggers":{"manual":{"type":"Request","kind":"PowerApp","inputs":{"schema":{"type":"object","properties":{"GetSiteListsAndLibraries_Uri":{"type":"string","description":"Example: _api/web/lists/getbytitle('Documents'). This parameter is used as part of \"0FE408B2-DE13-46B2-A8B4-A7FC58009483\"","x-ms-powerflows-param-ispartial":true}},"required":["GetSiteListsAndLibraries_Uri"]}}}},"actions":{"Initialize_variable_-_Tenant_Name":{"runAfter":{},"type":"InitializeVariable","inputs":{"variables":[{"name":"Tenant Name","type":"String","value":"wonderkid.sharepoint.com"}]}},"Initialize_variable_-_Merged_Lists_And_Libraries":{"runAfter":{"Initialize_variable_-_Tenant_Name":["Succeeded"]},"type":"InitializeVariable","inputs":{"variables":[{"name":"Merged Lists And Libraries","type":"Array"}]}},"Get_Site_Lists_And_Libraries":{"runAfter":{"Apply_to_each_-_Subsite":["Succeeded"]},"metadata":{"flowSystemMetadata":{"swaggerOperationId":"HttpRequest"}},"type":"ApiConnection","inputs":{"host":{"connection":{"name":"@json(decodeBase64(triggerOutputs().headers['X-MS-APIM-Tokens']))['$connections']['shared_sharepointonline']['connectionId']"},"api":{"runtimeUrl":"https://flow-apim-europe-001-francecentral-01.azure-apim.net/apim/sharepointonline"}},"method":"post","body":{"method":"GET","uri":"_api/v2.0/sites/@{variables('Tenant Name')}:/@{triggerBody()['GetSiteListsAndLibraries_Uri']}:/lists?$select=id,name,webUrl,displayName,system,list,displayName","headers":{"Accept":"application/json"}},"path":"/datasets/@{encodeURIComponent(encodeURIComponent('https://wonderkid.sharepoint.com/'))}/httprequest","authentication":{"type":"Raw","value":"@json(decodeBase64(triggerOutputs().headers['X-MS-APIM-Tokens']))['$ConnectionKey']"}}},"Filter_array_-_Lists_And_Libraries":{"runAfter":{"Get_Site_Lists_And_Libraries":["Succeeded"]},"type":"Query","inputs":{"from":"@array(body('Get_Site_Lists_And_Libraries')?['value'])","where":"@not(equals(item()?['driveType'], 'hidden'))"}},"Get_Site_Document_Libraries":{"runAfter":{"Filter_array_-_Lists_And_Libraries":["Succeeded"]},"metadata":{"flowSystemMetadata":{"swaggerOperationId":"HttpRequest"}},"type":"ApiConnection","inputs":{"host":{"connection":{"name":"@json(decodeBase64(triggerOutputs().headers['X-MS-APIM-Tokens']))['$connections']['shared_sharepointonline']['connectionId']"},"api":{"runtimeUrl":"https://flow-apim-europe-001-francecentral-01.azure-apim.net/apim/sharepointonline"}},"method":"post","body":{"method":"GET","uri":"_api/v2.0/sites/@{variables('Tenant Name')}:/@{triggerBody()['GetSiteListsAndLibraries_Uri']}:/drives?$select=id,name,webUrl,driveType,quota,system,folderChildCount,itemChildCount","headers":{"Accept":"application/json"}},"path":"/datasets/@{encodeURIComponent(encodeURIComponent('https://wonderkid.sharepoint.com/'))}/httprequest","authentication":{"type":"Raw","value":"@json(decodeBase64(triggerOutputs().headers['X-MS-APIM-Tokens']))['$ConnectionKey']"}}},"Initialize_variable_-_Document_Libraries":{"runAfter":{"Get_Site_Document_Libraries":["Succeeded"]},"type":"InitializeVariable","inputs":{"variables":[{"name":"Document Libraries","type":"Array","value":"@array(body('Get_Site_Document_Libraries')?['value'])"}]}},"Apply_to_each":{"foreach":"@array(body('Filter_array_-_Lists_And_Libraries'))","actions":{"Filter_array_-_Document_Libraries":{"runAfter":{},"type":"Query","inputs":{"from":"@variables('Document Libraries')","where":"@equals(item()?['webUrl'], items('Apply_to_each')['webUrl'])"}},"Condition":{"actions":{"Append_to_array_variable_-_Document_Library":{"runAfter":{},"type":"AppendToArrayVariable","inputs":{"name":"Merged Lists And Libraries","value":"@addProperty( addProperty(body('Filter_array_-_Document_Libraries')[0], 'list', item()?['list']), 'siteIDListLibraryID', concat( substring( item()?['@odata.editLink'], add(indexOf(item()?['@odata.editLink'], '/' ), 1 ), sub(indexOf( item()?['@odata.editLink'], '/lists/' ),5 ) ), body('Filter_array_-_Document_Libraries')[0]?['@odata.editLink'] ) )"}}},"runAfter":{"Filter_array_-_Document_Libraries":["Succeeded"]},"else":{"actions":{"Append_to_array_variable_-_List":{"runAfter":{"RenderListDataAsStream_-_Get_List_Item_Count":["Succeeded","Failed"]},"type":"AppendToArrayVariable","inputs":{"name":"Merged Lists And Libraries","value":"@addProperty( addProperty( addProperty(item(), 'driveType', item()?['list']['type']), 'siteIDListLibraryID', replace( item()?['@odata.editLink'], 'sites/', '' )), 'quota', coalesce( body('RenderListDataAsStream_-_Get_List_Item_Count')?['ItemCount']) )"}},"RenderListDataAsStream_-_Get_List_Item_Count":{"runAfter":{},"metadata":{"flowSystemMetadata":{"swaggerOperationId":"HttpRequest"}},"type":"ApiConnection","inputs":{"host":{"connection":{"name":"@json(decodeBase64(triggerOutputs().headers['X-MS-APIM-Tokens']))['$connections']['shared_sharepointonline']['connectionId']"},"api":{"runtimeUrl":"https://flow-apim-europe-001-francecentral-01.azure-apim.net/apim/sharepointonline"}},"method":"post","body":{"method":"POST","uri":"_api/web/lists/GetbyTitle('@{item()?['name']}')/RenderListDataAsStream","headers":{"Accept":"application/json;odata=nometadata"},"body":"{\n    \"parameters\": {\n        \"RenderOptions\": 4,\n        \"ViewXml\": \"<View Scope=\\\"RecursiveAll\\\"><RowLimit Paged=\\\"TRUE\\\">1</RowLimit></View>\"\n    }\n}"},"path":"/datasets/@{encodeURIComponent(encodeURIComponent(body('Parse_JSON_-_Site_Information')?['webUrl']))}/httprequest","authentication":{"type":"Raw","value":"@json(decodeBase64(triggerOutputs().headers['X-MS-APIM-Tokens']))['$ConnectionKey']"}}}}},"expression":{"equals":["@if(empty(body('Filter_array_-_Document_Libraries')),'List','Library')","Library"]},"type":"If"}},"runAfter":{"Initialize_variable_-_Document_Libraries":["Succeeded"]},"type":"Foreach"},"Filter_array_-_Return_Lists":{"runAfter":{"Filter_array_-_Return_Document_Libraries_With_Items":["Succeeded"]},"type":"Query","inputs":{"from":"@variables('Merged Lists And Libraries')","where":"@not(equals(item()?['DriveType'], 'documentLibrary'))"}},"Select_Return_Fields":{"runAfter":{"Initialize_variable_-_Sites,_Lists_and_Libraries_to_Return":["Succeeded"]},"type":"Select","inputs":{"from":"@variables('Sites, Lists and Libraries')","select":{"DriveType":"@item()?['driveType']","Quota":"@item()?['quota']","System":"@if(equals(item()?['system'],null),false,true)","SiteId":"@body('Parse_JSON_-_Site_Information')?['id']","SiteName":"@body('Parse_JSON_-_Site_Information')?['name']","SiteWebUrl":"@body('Parse_JSON_-_Site_Information')?['webUrl']","ListLibraryId":"@item()?['id']","ListLibraryName":"@item()?['name']","ListInfo":"@item()?['list']","SiteIdListLibraryId":"@item()?['siteIDListLibraryID']","SiteListLibraryWebUrl":"@item()?['webUrl']","Title":"@If(equals(item()?['driveType'],'genericList'), item()?['displayName'],item()?['name'])"}}},"Response":{"runAfter":{"Select_Return_Fields":["Succeeded"]},"type":"Response","kind":"Http","inputs":{"statusCode":200,"body":"@body('Select_Return_Fields')","schema":{"type":"array","items":{"type":"object","properties":{"DriveType":{"type":"string"},"Quota":{"type":"object","properties":{"deleted":{"type":"integer"},"fileCount":{"type":"integer"},"remaining":{"type":"integer"},"state":{"type":"string"},"total":{"type":"integer"},"used":{"type":"integer"}}},"System":{"type":"boolean"},"SiteId":{"type":"string"},"SiteName":{"type":"string"},"SiteWebUrl":{"type":"string"},"ListLibraryId":{"type":"string"},"ListLibraryName":{"type":"string"},"ListInfo":{"type":"object","properties":{"contentTypesEnabled":{"type":"boolean"},"hidden":{"type":"boolean"},"template":{"type":"string"},"type":{"type":"string"}}},"SiteIdListLibraryId":{"type":"string"},"SiteListLibraryWebUrl":{"type":"string"},"Title":{"type":"string"}},"required":["ListLibraryName","DriveType","SiteId","SiteName","SiteListLibraryWebUrl"]}}}},"Get_Site_Information":{"runAfter":{"Initialize_variable_-_Merged_Lists_And_Libraries":["Succeeded"]},"metadata":{"flowSystemMetadata":{"swaggerOperationId":"HttpRequest"}},"type":"ApiConnection","inputs":{"host":{"connection":{"name":"@json(decodeBase64(triggerOutputs().headers['X-MS-APIM-Tokens']))['$connections']['shared_sharepointonline']['connectionId']"},"api":{"runtimeUrl":"https://flow-apim-europe-001-francecentral-01.azure-apim.net/apim/sharepointonline"}},"method":"post","body":{"method":"GET","uri":"_api/v2.0/sites/@{variables('Tenant Name')}:/@{triggerBody()['GetSiteListsAndLibraries_Uri']}","headers":{"Accept":"application/json"}},"path":"/datasets/@{encodeURIComponent(encodeURIComponent('https://wonderkid.sharepoint.com/'))}/httprequest","authentication":{"type":"Raw","value":"@json(decodeBase64(triggerOutputs().headers['X-MS-APIM-Tokens']))['$ConnectionKey']"}}},"Parse_JSON_-_Site_Information":{"runAfter":{"Get_Site_Information":["Succeeded"]},"type":"ParseJson","inputs":{"content":"@body('Get_Site_Information')","schema":{"type":"object","properties":{"@@odata.context":{"type":"string"},"@@odata.type":{"type":"string"},"@@odata.id":{"type":"string"},"@@odata.editLink":{"type":"string"},"createdDateTime":{"type":"string"},"description":{"type":"string"},"id":{"type":"string"},"lastModifiedDateTime":{"type":"string"},"name":{"type":"string"},"webUrl":{"type":"string"},"root":{"type":"object","properties":{}},"siteCollection":{"type":"object","properties":{"hostName":{"type":"string"}}},"title":{"type":"string"}}}}},"Get_Subsites":{"runAfter":{"Parse_JSON_-_Site_Information":["Succeeded"]},"metadata":{"flowSystemMetadata":{"swaggerOperationId":"HttpRequest"}},"type":"ApiConnection","inputs":{"host":{"connection":{"name":"@json(decodeBase64(triggerOutputs().headers['X-MS-APIM-Tokens']))['$connections']['shared_sharepointonline']['connectionId']"},"api":{"runtimeUrl":"https://flow-apim-europe-001-francecentral-01.azure-apim.net/apim/sharepointonline"}},"method":"post","body":{"method":"GET","uri":"_api/v2.0/sites/@{body('Parse_JSON_-_Site_Information')?['id']}/sites","headers":{"Accept":"application/json"}},"path":"/datasets/@{encodeURIComponent(encodeURIComponent('https://wonderkid.sharepoint.com/'))}/httprequest","authentication":{"type":"Raw","value":"@json(decodeBase64(triggerOutputs().headers['X-MS-APIM-Tokens']))['$ConnectionKey']"}}},"Parse_JSON_-_Subsites":{"runAfter":{"Get_Subsites":["Succeeded"]},"type":"ParseJson","inputs":{"content":"@body('Get_Subsites')","schema":{"type":"object","properties":{"@@odata.context":{"type":"string"},"value":{"type":"array","items":{"type":"object","properties":{"@@odata.type":{"type":"string"},"@@odata.id":{"type":"string"},"@@odata.editLink":{"type":"string"},"createdDateTime":{"type":"string"},"description":{"type":"string"},"id":{"type":"string"},"lastModifiedDateTime":{"type":"string"},"name":{"type":"string"},"parentReference":{"type":"object","properties":{"siteId":{"type":"string"}}},"webUrl":{"type":"string"},"title":{"type":"string"}},"required":["@@odata.type","@@odata.id","@@odata.editLink","createdDateTime","description","id","lastModifiedDateTime","name","parentReference","webUrl","title"]}}}}}},"Initialize_variable_-_Subsites":{"runAfter":{"Parse_JSON_-_Subsites":["Succeeded"]},"type":"InitializeVariable","inputs":{"variables":[{"name":"Subsites","type":"Array"}]}},"Apply_to_each_-_Subsite":{"foreach":"@array(body('Get_Subsites')?['value'])","actions":{"Append_to_array_variable_-_Subsites":{"runAfter":{},"type":"AppendToArrayVariable","inputs":{"name":"Subsites","value":"@setProperty(addProperty(item(), 'driveType', 'subSite'), 'DisplayName', item()?['Title'])"}}},"runAfter":{"Initialize_variable_-_Subsites":["Succeeded"]},"type":"Foreach"},"Initialize_variable_-_Sites,_Lists_and_Libraries_to_Return":{"runAfter":{"Filter_array_-_Return_Lists":["Succeeded"]},"type":"InitializeVariable","inputs":{"variables":[{"name":"Sites, Lists and Libraries","type":"Array","value":"@union( variables('Merged Lists And Libraries'), variables('Subsites') )"}]}},"Filter_array_-_Return_Document_Libraries_With_Items":{"runAfter":{"Apply_to_each":["Succeeded"]},"type":"Query","inputs":{"from":"@variables('Merged Lists And Libraries')","where":"@and(equals(item()?['DriveType'], 'documentLibrary'),not(equals(item()['Quota']['fileCount'], 0)))"}}}},"connectionReferences":{"shared_sharepointonline":{"connectionName":"shared-sharepointonl-068e0ebe-8033-4a49-9d6d-7fa2d29576ee","source":"Invoker","id":"/providers/Microsoft.PowerApps/apis/shared_sharepointonline","tier":"NotSpecified"}},"flowFailureAlertSubscribed":false}}